year,week,player,brier,pick_acc,conf_rank_corr,conf_mae
2024,3,MDTwinTeam,0.277182465,0.5625,0.8382352941176471,1.75
2024,3,GOOD,0.14517325168185763,0.6875,0.27058823529411763,4.125
2024,3,Bucky Swirving,0.10795494360243055,0.875,0.8676470588235294,1.75
2024,3,Weird,0.13376069874511717,0.875,0.7323529411764707,2.375
2024,3,ShowMeYourTDs,0.07360223712327779,0.9375,0.5352941176470588,3.375
2024,3,Fishy Picks,0.08472756256076389,0.875,0.6676470588235294,2.5
2024,3,OneNDone,0.11136095614963108,0.8125,0.5529411764705882,3.375
2024,3,Rent’s Due Again,0.24357820160505506,0.5625,0.9352941176470588,1.0
2024,3,Mickey's Team,0.09817443033968917,0.875,0.6058823529411764,3.125
2024,3,Knoll34,0.10734038624511719,0.8125,0.8411764705882352,2.0
2024,3,John K,0.22488267815555557,0.625,0.8323529411764706,2.25
2024,3,Johnsonmaia06,0.1539857406333704,0.75,0.5352941176470588,3.625
2024,3,Tone 3132,0.18426084466525608,0.6875,0.42352941176470593,4.375
2024,3,Boldz36,0.1279140963010204,0.8125,0.8264705882352942,2.125
2024,3,Hennything Possible,0.07558061822709686,0.9375,0.8617647058823529,2.125
2024,3,Arcedinero,0.08720921151909722,0.875,0.4617647058823529,3.25
2024,3,FastEddie,0.1506399267650973,0.75,0.8705882352941177,1.875
2024,3,Piru’s Picks,0.17137624576171873,0.75,0.8735294117647058,1.875
2024,3,Jason B,0.08157950168185764,0.9375,0.8323529411764706,2.125
2024,3,NFL in PINK,0.14507476124511717,0.6875,0.6882352941176471,3.0
2024,3,Lenzen,0.12579684032556876,0.75,0.8088235294117646,2.25
2024,3,Balz Deep,0.08679591824435764,0.9375,0.823529411764706,2.125
2024,3,BigShroomSecurity,0.16316598800347348,0.625,0.7441176470588236,2.25
2024,3,Ballbusters,0.1277000591808398,0.8125,0.6911764705882353,2.875
2024,3,Victorious Bastard,0.08137701102475417,0.9375,0.8705882352941177,2.0
2024,3,Omar,0.09668156397165667,0.875,0.6735294117647058,2.375
2024,3,Handsup,0.11907927767306857,0.8125,0.9058823529411765,1.625
2024,3,OB1,0.1648161465529315,0.75,0.8029411764705883,2.375
2024,3,Matt,0.18388418918185764,0.6875,0.3735294117647059,3.875
2024,3,KKRAHN21,0.1251623728857422,0.75,0.8441176470588234,2.125
2024,3,RICHDOG !!!!!!,0.11876888275583075,0.8125,0.6529411764705881,2.875
2024,3,Sutterbrown,0.09677585195692273,0.8125,0.8352941176470589,2.25
2024,3,sawyer 0-4 Michigan owns day,0.12576658511935762,0.75,0.8911764705882352,1.875
2024,3,thol1572,0.09281209378511127,0.875,0.8764705882352942,1.875
2024,3,TD's Nutz,0.10128893538574218,0.8125,0.55,3.375
2024,3,EChev,0.12109140193576388,0.8125,0.7441176470588236,2.5
2024,3,#FlytheW,0.229970063046875,0.5625,0.6764705882352942,3.25
2024,3,MR 16,0.12623825012618833,0.75,0.4058823529411764,4.0
2024,3,Brock,0.09559073592827691,0.875,0.85,2.25
2024,3,NoWayIGotMorePointsThenYou?!?!,0.14902066419749305,0.6875,0.6705882352941177,3.0
2024,3,Mopar,0.11046024560546876,0.8125,0.4588235294117647,3.875
2024,3,Caking,0.2675335138888889,0.5,0.5970588235294118,3.25
2024,3,Oski no 1,0.07953010050292969,0.9375,0.7176470588235294,2.75
2024,3,Boats n Hoes,0.14635994055555554,0.8125,0.8029411764705883,2.5
2024,3,DADDY YANKEE,0.10241332319398348,0.875,0.5823529411764706,3.625
2024,3,California Dreaming,0.1877017560763889,0.75,0.6205882352941177,3.25
2024,3,Diddypicks,0.1857084274090571,0.6875,0.7647058823529411,2.125
2024,3,Firman's Educated Guesses,0.26260340200134363,0.5625,0.31764705882352945,4.25
2024,3,Pikachu,0.20557285022352428,0.5625,0.8088235294117646,2.25
2024,3,BFense,0.14556212902579718,0.75,0.7794117647058825,2.25
2024,3,DO YOU FEEL LUCKY PUNK,0.17579496240246914,0.6875,0.7029411764705883,3.0
2024,3,Big Daddy125,0.2688388396875,0.5625,0.31764705882352945,4.125
2024,3,Reggie,0.16587788855685764,0.6875,0.31764705882352945,4.375
2024,6,BFense,0.04857284217272873,1.0,0.6615384615384616,2.5714285714285716
2024,6,Fishy Picks,0.0866080003125,0.9285714285714286,0.6527472527472528,2.142857142857143
2024,6,FastEddie,0.0880405441178154,0.9285714285714286,0.7714285714285714,2.142857142857143
2024,6,KKRAHN21,0.07332736635881697,0.9285714285714286,0.8637362637362638,1.8571428571428572
2024,6,Balz Deep,0.05407654085193452,0.9285714285714286,0.47252747252747257,3.2857142857142856
2024,6,OneNDone,0.05140297909691221,0.9285714285714286,0.46373626373626364,3.0
2024,6,Brock,0.07159853105375744,0.9285714285714286,0.767032967032967,2.4285714285714284
2024,6,Mopar,0.08980809347098215,0.8571428571428571,0.7846153846153847,2.142857142857143
2024,6,NoWayIGotMorePointsThenYou?!?!,0.10996476622683178,0.8571428571428571,0.8153846153846154,1.8571428571428572
2024,6,Handsup,0.1147485135984003,0.8571428571428571,0.8593406593406594,1.7142857142857142
2024,6,Sutterbrown,0.12457807420107889,0.8571428571428571,0.8241758241758241,1.7142857142857142
2024,6,Hennything Possible,0.087952857843125,0.8571428571428571,0.7978021978021977,2.142857142857143
2024,6,thol1572,0.07371843288231152,0.8571428571428571,0.8373626373626375,1.7142857142857142
2024,6,California Dreaming,0.09185522172619046,0.8571428571428571,0.8813186813186813,1.2857142857142858
2024,6,Johnsonmaia06,0.05630956291000057,0.9285714285714286,0.6703296703296703,2.5714285714285716
2024,6,Omar,0.09201477574547266,0.9285714285714286,0.45494505494505494,3.4285714285714284
2024,6,MR 16,0.0750337577465563,0.8571428571428571,0.6571428571428571,2.5714285714285716
2024,6,NFL in PINK,0.09718757792131696,0.8571428571428571,0.8197802197802198,1.8571428571428572
2024,6,Ballbusters,0.05442739940996181,0.9285714285714286,0.7406593406593407,2.4285714285714284
2024,6,sawyer 0-4 Michigan owns day,0.17458067287574403,0.7857142857142857,0.832967032967033,1.7142857142857142
2024,6,Boldz36,0.11211274307580174,0.7857142857142857,0.8241758241758241,1.5714285714285714
2024,6,DADDY YANKEE,0.0884236505291192,0.9285714285714286,0.6879120879120879,2.4285714285714284
2024,6,Matt,0.07543349376860119,0.9285714285714286,0.6087912087912088,3.0
2024,6,DO YOU FEEL LUCKY PUNK,0.12571857933968253,0.8571428571428571,0.6131868131868132,3.142857142857143
2024,6,ShowMeYourTDs,0.1878040821786208,0.7857142857142857,0.8285714285714285,1.8571428571428572
2024,6,Knoll34,0.08611257792131695,0.9285714285714286,0.6043956043956044,2.857142857142857
2024,6,Bucky Swirving,0.11955695995535713,0.7857142857142857,0.8065934065934066,2.0
2024,6,RICHDOG !!!!!!,0.11132977634422321,0.7857142857142857,0.432967032967033,3.2857142857142856
2024,6,Victorious Bastard,0.16442370189283056,0.7857142857142857,0.8945054945054945,1.4285714285714286
2024,6,Oski no 1,0.13303828696149553,0.7857142857142857,0.6747252747252748,2.2857142857142856
2024,6,Boats n Hoes,0.09238431333333333,0.8571428571428571,0.5648351648351648,3.2857142857142856
2024,6,BigShroomSecurity,0.19442797815144966,0.7142857142857143,0.6087912087912088,2.857142857142857
2024,6,MDTwinTeam,0.23684682,0.7142857142857143,0.9340659340659341,1.0
2024,6,Diddypicks,0.20521170180521284,0.7142857142857143,0.8417582417582418,1.7142857142857142
2024,6,Mickey's Team,0.18628120049442626,0.7142857142857143,0.5296703296703297,3.4285714285714284
2024,6,TD's Nutz,0.18832825921595983,0.7142857142857143,0.8197802197802198,1.5714285714285714
2024,6,Jason B,0.1375168271019345,0.8571428571428571,0.3010989010989011,4.142857142857143
2024,6,Reggie,0.16469463817336308,0.7142857142857143,0.7978021978021977,2.2857142857142856
2024,6,Piru’s Picks,0.18835066570312506,0.6428571428571429,0.9384615384615385,1.1428571428571428
2024,6,OB1,0.18481973433838442,0.6428571428571429,0.7978021978021977,2.0
2024,6,Weird,0.11568400649274556,0.8571428571428571,0.5076923076923077,2.7142857142857144
2024,6,Lenzen,0.14783785035430394,0.7857142857142857,-0.032967032967032975,5.0
2024,6,Arcedinero,0.17431919495535714,0.7142857142857143,0.6263736263736264,2.2857142857142856
2024,6,Rent’s Due Again,0.0980709573524112,0.8571428571428571,0.23956043956043957,3.857142857142857
2024,6,Pikachu,0.27654051245907735,0.5714285714285714,0.5076923076923077,2.7142857142857144
2024,6,EChev,0.2980641028124999,0.5714285714285714,0.6835164835164835,2.857142857142857
2024,6,Big Daddy125,0.15524531839285713,0.7142857142857143,0.3494505494505495,3.0
2024,6,John K,0.28513440003809526,0.5,0.7758241758241758,2.142857142857143
2024,6,Tone 3132,0.25357952479631696,0.5714285714285714,0.7098901098901099,2.142857142857143
2024,6,GOOD,0.27001682710193453,0.5714285714285714,0.4197802197802198,3.5714285714285716
2024,6,#FlytheW,0.29645793138392856,0.5,0.5648351648351648,2.857142857142857
2024,6,Firman's Educated Guesses,0.3859614093912797,0.35714285714285715,-0.15604395604395604,4.714285714285714
2024,9,Ballbusters,0.11543886947590787,0.8666666666666667,0.8464285714285712,1.8666666666666667
2024,9,Piru’s Picks,0.06188191983333334,1.0,0.6249999999999999,3.066666666666667
2024,9,OneNDone,0.0697363744212963,0.9333333333333333,0.782142857142857,2.0
2024,9,9 inches,0.09196948491976525,0.8666666666666667,0.8035714285714284,2.4
2024,9,Boldz36,0.11547056598639457,0.8666666666666667,0.8964285714285712,1.4666666666666666
2024,9,Bucky Swirving,0.11527835029629628,0.8,0.7142857142857142,2.533333333333333
2024,9,Fishy Picks,0.12965857785185186,0.8,0.7535714285714286,1.8666666666666667
2024,9,Brock,0.08044858453240741,0.9333333333333333,0.8642857142857141,1.8666666666666667
2024,9,Boats n Hoes,0.09448503229629628,0.8666666666666667,0.6214285714285712,3.066666666666667
2024,9,OB1,0.13890729457817616,0.7333333333333333,0.8464285714285712,1.7333333333333334
2024,9,Mickey's Team,0.06821322014634408,0.9333333333333333,0.7142857142857142,2.6666666666666665
2024,9,Arcedinero,0.11506108007407409,0.8666666666666667,-0.09285714285714285,4.933333333333334
2024,9,Handsup,0.10644977431018518,0.8,0.8892857142857141,1.7333333333333334
2024,9,Oski no 1,0.08026630912499999,0.8666666666666667,0.657142857142857,2.8
2024,9,DADDY YANKEE,0.11181292001035707,0.8666666666666667,0.5428571428571428,3.066666666666667
2024,9,EChev,0.13615835029629628,0.8,0.8142857142857142,1.8666666666666667
2024,9,Pikachu,0.12098972812962962,0.7333333333333333,0.5178571428571428,3.2
2024,9,GOOD,0.14554008101851848,0.7333333333333333,0.5357142857142856,2.4
2024,9,NoWayIGotMorePointsThenYou?!?!,0.09032680727578299,0.8666666666666667,0.7749999999999999,2.2666666666666666
2024,9,Sutterbrown,0.08969226486574075,0.9333333333333333,0.7642857142857141,2.1333333333333333
2024,9,BFense,0.0658063575709021,0.9333333333333333,0.39642857142857135,3.6
2024,9,FastEddie,0.06842463590711365,0.9333333333333333,0.7499999999999999,2.2666666666666666
2024,9,#FlytheW,0.15346873400000002,0.7333333333333333,0.7357142857142855,2.4
2024,9,ShowMeYourTDs,0.1546230324515794,0.7333333333333333,0.4107142857142856,3.066666666666667
2024,9,MDTwinTeam,0.25217275733333333,0.6666666666666666,0.8499999999999999,1.6
2024,9,Diddypicks,0.1329813106825662,0.8666666666666667,0.8035714285714284,2.1333333333333333
2024,9,Tone 3132,0.12655689486574076,0.8,0.7285714285714285,2.533333333333333
2024,9,Reggie,0.18869871612962966,0.6666666666666666,0.8035714285714284,2.2666666666666666
2024,9,TD's Nutz,0.06874757212499999,0.9333333333333333,0.2071428571428571,4.266666666666667
2024,9,Knoll34,0.10227515745833335,0.8666666666666667,0.8607142857142854,1.8666666666666667
2024,9,Victorious Bastard,0.1324119529181497,0.8666666666666667,0.8178571428571428,2.0
2024,9,Rent’s Due Again,0.18381468121383104,0.8,0.8214285714285712,1.8666666666666667
2024,9,thol1572,0.1063298922547153,0.8,0.7,2.533333333333333
2024,9,NFL in PINK,0.08789349079166668,0.8666666666666667,0.6392857142857141,3.3333333333333335
2024,9,Weird,0.135314324125,0.8666666666666667,0.782142857142857,1.8666666666666667
2024,9,KKRAHN21,0.1563092387916667,0.7333333333333333,0.8678571428571429,1.7333333333333334
2024,9,Johnsonmaia06,0.10301810503550943,0.8666666666666667,0.8178571428571428,2.0
2024,9,Lenzen,0.12606053820972665,0.7333333333333333,0.5714285714285713,3.066666666666667
2024,9,California Dreaming,0.08256047407407406,0.8666666666666667,0.5892857142857142,3.2
2024,9,Omar,0.13719085706949574,0.7333333333333333,0.8357142857142855,2.1333333333333333
2024,9,Balz Deep,0.15716079835185184,0.7333333333333333,0.8142857142857142,2.1333333333333333
2024,9,Big Daddy125,0.1973056426666667,0.6666666666666666,0.8178571428571428,2.0
2024,9,Firman's Educated Guesses,0.19633061676791375,0.6666666666666666,0.21428571428571427,3.8666666666666667
2024,9,sawyer 0-4 Michigan owns day,0.20674313035185185,0.6,0.8535714285714284,1.8666666666666667
2024,9,Jason B,0.22292896990740743,0.6,0.5928571428571427,3.2
2024,9,Mopar,0.15672132916666665,0.7333333333333333,0.6678571428571428,2.6666666666666665
2024,9,BigShroomSecurity,0.21654679633735852,0.6,0.8678571428571429,1.8666666666666667
2024,9,Hennything Possible,0.11509643727058934,0.7333333333333333,0.5785714285714285,3.066666666666667
2024,9,Matt,0.15919285879629627,0.7333333333333333,0.30357142857142855,3.8666666666666667
2024,9,DO YOU FEEL LUCKY PUNK,0.214146686978107,0.6666666666666666,0.39999999999999997,3.2
2024,9,John K,0.21859279521185188,0.6,0.8107142857142855,2.0
2024,12,MDTwinTeam,0.1680954953846154,0.8461538461538461,0.9120879120879121,0.9230769230769231
2024,12,Mickey's Team,0.038828382976100966,1.0,0.8681318681318682,1.5384615384615385
2024,12,Sutterbrown,0.06127902991586539,0.9230769230769231,0.7912087912087913,1.6923076923076923
2024,12,Fishy Picks,0.036954881217948723,1.0,0.9120879120879121,1.2307692307692308
2024,12,EChev,0.04060489506410257,1.0,0.7747252747252747,2.1538461538461537
2024,12,Piru’s Picks,0.0431121985096154,1.0,0.901098901098901,1.3846153846153846
2024,12,OneNDone,0.046848905749198706,0.9230769230769231,0.8021978021978022,1.5384615384615385
2024,12,thol1572,0.03641950097351231,1.0,0.8791208791208791,1.2307692307692308
2024,12,Balz Deep,0.11363301068910256,0.8461538461538461,0.8791208791208791,1.3846153846153846
2024,12,TD's Nutz,0.07266452549278846,0.9230769230769231,0.7692307692307693,1.8461538461538463
2024,12,Hennything Possible,0.061686274480758134,0.9230769230769231,0.8296703296703297,1.6923076923076923
2024,12,Ballbusters,0.03853016144540671,1.0,0.7802197802197801,2.0
2024,12,Bucky Swirving,0.08217668993589743,0.9230769230769231,0.8571428571428571,1.5384615384615385
2024,12,Brock,0.04741419680689101,0.9230769230769231,0.8461538461538461,1.3846153846153846
2024,12,Johnsonmaia06,0.04930544064893282,0.9230769230769231,0.9065934065934067,1.3846153846153846
2024,12,KKRAHN21,0.08851356395432694,0.9230769230769231,0.9120879120879121,1.2307692307692308
2024,12,BFense,0.10748169395930139,0.7692307692307693,0.8901098901098902,1.0769230769230769
2024,12,RICHDOG !!!!!!,0.03683895233603297,1.0,0.7417582417582418,2.1538461538461537
2024,12,Jason B,0.1916396935096154,0.7692307692307693,0.6263736263736264,2.4615384615384617
2024,12,Handsup,0.09806404866586536,0.8461538461538461,0.8736263736263737,1.2307692307692308
2024,12,Oski no 1,0.04712807366586538,0.9230769230769231,0.7527472527472527,2.0
2024,12,California Dreaming,0.03965066025641025,1.0,0.7912087912087913,1.5384615384615385
2024,12,Tone 3132,0.10740068760817309,0.7692307692307693,0.7692307692307693,1.8461538461538463
2024,12,Knoll34,0.0980717318389423,0.8461538461538461,0.7032967032967032,2.3076923076923075
2024,12,DADDY YANKEE,0.0622558988989261,0.9230769230769231,0.8626373626373626,1.2307692307692308
2024,12,NoWayIGotMorePointsThenYou?!?!,0.09142746860443349,0.8461538461538461,0.8186813186813187,1.5384615384615385
2024,12,Matt,0.0981621294070513,0.8461538461538461,0.7637362637362637,2.0
2024,12,#FlytheW,0.23155046942307694,0.6153846153846154,0.7967032967032966,1.8461538461538463
2024,12,9 inches,0.14031710637401168,0.7692307692307693,0.8791208791208791,1.3846153846153846
2024,12,ShowMeYourTDs,0.236662442312069,0.6923076923076923,0.7747252747252747,2.0
2024,12,OB1,0.08925076785178021,0.9230769230769231,0.8461538461538461,1.5384615384615385
2024,12,Arcedinero,0.09166349403846154,0.8461538461538461,0.7472527472527472,2.0
2024,12,Boldz36,0.10142364050235478,0.9230769230769231,0.6428571428571429,2.1538461538461537
2024,12,Reggie,0.12164949658653844,0.8461538461538461,0.8571428571428571,1.5384615384615385
2024,12,Mopar,0.15717525120192308,0.7692307692307693,0.9340659340659341,1.0769230769230769
2024,12,John K,0.09978765243076923,0.8461538461538461,0.6593406593406593,2.3076923076923075
2024,12,Boats n Hoes,0.07173334564102564,0.9230769230769231,0.5934065934065934,2.0
2024,12,Victorious Bastard,0.14905443828628087,0.6923076923076923,0.9340659340659341,0.9230769230769231
2024,12,FastEddie,0.1566696591070629,0.6923076923076923,0.8571428571428571,1.3846153846153846
2024,12,Weird,0.0718611549158654,0.9230769230769231,0.6153846153846153,1.6923076923076923
2024,12,Firman's Educated Guesses,0.06526735181456908,0.9230769230769231,0.04395604395604395,4.153846153846154
2024,12,GOOD,0.18311405248397433,0.7692307692307693,0.7142857142857143,2.1538461538461537
2024,12,Omar,0.17106627536955962,0.6923076923076923,0.8241758241758241,1.6923076923076923
2024,12,Lenzen,0.19379958249396073,0.6153846153846154,0.8076923076923077,1.8461538461538463
2024,12,NFL in PINK,0.1404871164543269,0.7692307692307693,0.8516483516483516,1.5384615384615385
2024,12,Pikachu,0.23959935966346152,0.6923076923076923,0.8186813186813187,2.0
2024,12,sawyer 0-4 Michigan owns day,0.24252208145833334,0.6153846153846154,0.6373626373626374,2.4615384615384617
2024,12,Big Daddy125,0.340140446923077,0.46153846153846156,0.32417582417582413,3.5384615384615383
2024,15,TD's Nutz,0.09550432240478515,0.8125,0.8647058823529412,2.0
2024,15,KKRAHN21,0.11644182240478515,0.8125,0.8705882352941177,1.625
2024,15,DO YOU FEEL LUCKY PUNK,0.18917871559629632,0.625,0.7588235294117647,2.5
2024,15,Tone 3132,0.17365551502197266,0.625,0.7205882352941175,2.75
2024,15,Fishy Picks,0.08034196222656251,0.875,0.7352941176470589,2.5
2024,15,Omar,0.16999354530842425,0.6875,0.6941176470588235,3.125
2024,15,GOOD,0.08505207316080729,0.875,0.8558823529411764,2.0
2024,15,MR 16,0.11607575244256449,0.8125,0.8764705882352942,1.75
2024,15,BFense,0.056348040658548315,1.0,0.8058823529411765,2.125
2024,15,ShowMeYourTDs,0.16771025258469957,0.75,0.5176470588235293,3.625
2024,15,Hennything Possible,0.08001466076399222,0.875,0.7617647058823529,2.125
2024,15,Oski no 1,0.08817594187744142,0.8125,0.5294117647058824,3.25
2024,15,DADDY YANKEE,0.0809066415154297,0.8125,0.7352941176470589,2.5
2024,15,Mickey's Team,0.12443117296907547,0.75,0.6235294117647059,3.0
2024,15,Diddypicks,0.12189498636736108,0.8125,0.9382352941176471,1.375
2024,15,Mopar,0.09388846508789064,0.875,0.8470588235294119,2.0
2024,15,Boats n Hoes,0.05799904250000001,0.9375,0.44117647058823534,3.25
2024,15,RICHDOG !!!!!!,0.11944995896726202,0.8125,0.7029411764705883,2.25
2024,15,Balz Deep,0.171225777796224,0.75,0.9264705882352942,1.25
2024,15,Piru’s Picks,0.11359900188476563,0.8125,0.7647058823529411,2.375
2024,15,Sutterbrown,0.07878947179280599,0.9375,0.5441176470588236,3.625
2024,15,9 inches,0.08973899576416282,0.875,0.8323529411764706,2.125
2024,15,Handsup,0.11083992065348305,0.875,0.8911764705882352,1.75
2024,15,Brock,0.057271917880045584,1.0,0.788235294117647,2.5
2024,15,OneNDone,0.08101799875895183,0.8125,0.5029411764705883,3.75
2024,15,Knoll34,0.11021234353759762,0.9375,0.7558823529411764,2.5
2024,15,Bucky Swirving,0.060018489205729164,1.0,0.8647058823529412,1.875
2024,15,NFL in PINK,0.05796703103759765,1.0,0.7000000000000001,3.125
2024,15,Johnsonmaia06,0.20432155413316688,0.6875,0.8323529411764706,1.875
2024,15,California Dreaming,0.17407168098958334,0.625,0.6176470588235293,3.25
2024,15,Boldz36,0.10786586511479591,0.875,0.9441176470588234,1.125
2024,15,BigShroomSecurity,0.14927434299997572,0.8125,0.8058823529411765,2.125
2024,15,OB1,0.1487755265445283,0.8125,0.823529411764706,2.0
2024,15,Matt,0.08941405232747396,0.875,0.711764705882353,2.75
2024,15,Big Daddy125,0.11134749640625,0.875,0.6882352941176471,2.875
2024,15,Ballbusters,0.15606696481619062,0.8125,0.8676470588235294,1.875
2024,15,Arcedinero,0.12528829191406252,0.8125,0.6970588235294117,3.0
2024,15,Reggie,0.061259880139973966,0.9375,0.35000000000000003,4.0
2024,15,Jason B,0.13618488566080728,0.8125,0.6852941176470588,2.75
2024,15,EChev,0.12357890587239584,0.8125,0.15588235294117647,4.625
2024,15,Weird,0.10591234353759765,0.9375,0.6676470588235294,2.375
2024,15,Pikachu,0.2344153109733073,0.625,0.8382352941176471,2.25
2024,15,Victorious Bastard,0.19782076039634822,0.75,0.8794117647058824,1.875
2024,15,Lenzen,0.24073564258929098,0.5625,0.4058823529411764,4.125
2024,15,John K,0.1701959273,0.8125,0.6294117647058822,3.0
2024,15,#FlytheW,0.2443548475390625,0.625,0.7323529411764707,2.625
2024,15,Firman's Educated Guesses,0.21500486727544377,0.75,0.2911764705882353,4.375
2024,15,sawyer 0-4 Michigan owns day,0.23510133727539062,0.6875,0.22647058823529412,4.625
2025,2,Back to Back Buckeye Natty,0.15902052344104306,0.75,0.7529411764705882,2.5
2025,2,OneNDone,0.15022358706774377,0.8125,0.3029411764705882,4.5
2025,2,Sixto23,0.15373940102040817,0.8125,0.65,3.0
2025,2,RICHDOG !!!!!!,0.048484077117739346,1.0,0.8411764705882352,1.875
2025,2,Mskrlac,0.14072435042339854,0.8125,0.5764705882352941,3.125
2025,2,Rent’s Due Again,0.2946740017664065,0.5625,0.7558823529411764,2.875
2025,2,Boats N Hoes,0.07244364391840846,0.9375,0.5117647058823529,3.25
2025,2,Forchione,0.1046315809966037,0.75,0.888235294117647,1.875
2025,2,ShowMeYourTDs,0.07075435294405444,0.875,0.6735294117647058,3.25
2025,2,KRAHNSKI,0.11144909825503117,0.875,0.8323529411764706,1.75
2025,2,Dardanes,0.196576643289054,0.75,0.8823529411764707,1.875
2025,2,VT,0.10051778410245722,0.875,0.961764705882353,0.875
2025,2,Lenny,0.18152703052769045,0.75,0.6235294117647059,3.5
2025,2,Ben’s Bears,0.1212898872489612,0.8125,0.7823529411764706,2.125
2025,2,Hennything Possible,0.044188180780541375,1.0,0.8382352941176471,2.0
2025,2,Hands Up,0.046228443168934236,1.0,0.9529411764705882,0.875
2025,2,Bucky Swirving,0.09295571716978457,0.9375,0.8470588235294119,2.25
2025,2,Fishy Picks,0.04707445546875001,0.9375,0.7529411764705882,2.0
2025,2,DADDY YANKEE,0.06497257505668934,0.9375,0.8705882352941177,1.75
2025,2,Brock,0.06228940102040817,0.875,0.8852941176470588,1.75
2025,2,Gman,0.044490627754343995,1.0,0.7235294117647059,2.75
2025,2,dbalz,0.0952982300697229,0.875,0.788235294117647,2.0
2025,2,Comeback Szn,0.1721884151943515,0.6875,0.9029411764705882,1.75
2025,2,Piru’s Picks,0.1171026091677296,0.875,0.7794117647058825,2.375
2025,2,Mopar,0.08597249078798186,0.9375,0.7911764705882354,1.875
2025,2,OB1,0.13286883461738228,0.75,0.888235294117647,1.75
2025,2,Brown$ 42,0.06551208187181122,0.875,0.7794117647058825,2.25
2025,2,Johnsonmaia06,0.06969924158163265,0.875,0.8117647058823528,1.875
2025,2,Big oski no.1,0.08782454149482709,0.875,0.7764705882352941,2.375
2025,2,Rcdinero,0.13205772920741213,0.875,0.8117647058823528,2.0
2025,2,Loveland for ROY,0.12505421177068907,0.8125,0.7647058823529411,2.375
2025,2,thol1572,0.047311721971299917,0.9375,0.7323529411764707,2.75
2025,2,Ride those dogs,0.09770202907986113,0.875,0.8558823529411764,2.0
2025,2,Bfense,0.045046384580498866,1.0,0.7617647058823529,2.375
2025,2,Do You Fell Lucky Punk,0.049320672447208044,0.9375,0.6941176470588235,2.5
2025,2,Go Pack Go,0.05221000149518075,0.9375,0.5529411764705882,3.125
2025,2,MainGangJefe,0.25473778532986113,0.625,0.8558823529411764,1.875
2025,2,mk3415,0.09623878194444446,0.9375,0.7911764705882354,2.375
2025,2,9 Inches,0.08713767300287148,0.9375,0.6323529411764706,3.125
2025,2,Tone,0.2479934304350907,0.625,0.6058823529411764,3.25
2025,2,Fast Eddie,0.18895340120821646,0.8125,0.8029411764705883,2.125
2025,2,Jason B,0.10094550102098454,0.9375,0.6588235294117648,2.875
2025,2,More Birdies,0.07045618059630102,0.875,0.4058823529411764,4.25
2025,2,Firman's Educated Guesses,0.20800647508901288,0.6875,0.6794117647058824,2.625
2025,2,Alan N,0.22695618618020122,0.5625,0.6088235294117647,3.25
2025,2,Ashholes,0.09559749078798185,0.875,0.7323529411764707,2.625
2025,2,Balz Deep,0.1413661381218112,0.875,0.5941176470588235,3.375
2025,2,TD's Nutz,0.13821789892737973,0.8125,0.7441176470588236,2.375
2025,2,MDTwins,0.3729916742346938,0.5,0.6352941176470589,2.875
2025,2,EChev,0.17262911241319445,0.6875,0.788235294117647,2.375
2025,2,#FlyTheW,0.3022607520408163,0.5,0.7058823529411764,2.75
2025,5,Big oski no.1,0.22719515156584066,0.7142857142857143,0.2879120879120879,3.7142857142857144
2025,5,#FlyTheW,0.15464129282798839,0.7142857142857143,0.7098901098901099,2.5714285714285716
2025,5,Back to Back Buckeye Natty,0.13831471566569487,0.7857142857142857,0.6175824175824175,2.7142857142857144
2025,5,Firman's Educated Guesses,0.1587668121800676,0.7142857142857143,0.5956043956043956,3.142857142857143
2025,5,Comeback Szn,0.11273392979512005,0.7857142857142857,0.8681318681318682,1.5714285714285714
2025,5,9 Inches,0.0875541316578102,0.8571428571428571,0.7934065934065934,1.8571428571428572
2025,5,MainGangJefe,0.13125495482142854,0.7857142857142857,0.5164835164835165,3.4285714285714284
2025,5,KRAHNSKI,0.1087055435483479,0.7857142857142857,0.8373626373626375,1.7142857142857142
2025,5,EChev,0.12085608482142855,0.8571428571428571,0.7626373626373627,2.0
2025,5,Go Pack Go,0.09200254977249313,0.8571428571428571,0.5780219780219781,2.7142857142857144
2025,5,TD's Nutz,0.127012755131767,0.7857142857142857,0.7142857142857143,2.4285714285714284
2025,5,Ashholes,0.07482606851311953,0.8571428571428571,0.5340659340659341,3.142857142857143
2025,5,dbalz,0.11295572521321962,0.7857142857142857,0.7494505494505495,2.142857142857143
2025,5,Fast Eddie,0.08258562430273152,0.8571428571428571,0.7626373626373627,2.142857142857143
2025,5,Mskrlac,0.1797319789127794,0.7142857142857143,0.7538461538461538,2.0
2025,5,Ben’s Bears,0.08363664043332013,0.8571428571428571,0.3362637362637363,3.7142857142857144
2025,5,Fishy Picks,0.06964007625,0.9285714285714286,0.4153846153846154,3.5714285714285716
2025,5,RICHDOG !!!!!!,0.1223185818971068,0.8571428571428571,0.7714285714285714,2.142857142857143
2025,5,thol1572,0.09699741036551342,0.8571428571428571,0.9120879120879121,1.2857142857142858
2025,5,Ride those dogs,0.0503798943452381,1.0,0.6439560439560439,2.7142857142857144
2025,5,Pay up $ucka!,0.1291844313567153,0.7857142857142857,0.665934065934066,2.7142857142857144
2025,5,Bucky Swirving,0.09682418231778424,0.8571428571428571,0.8901098901098902,1.5714285714285714
2025,5,Johnsonmaia06,0.09659538443148685,0.8571428571428571,0.4241758241758242,3.4285714285714284
2025,5,Brock,0.1462493590670554,0.7857142857142857,0.9384615384615385,1.1428571428571428
2025,5,Hands Up,0.06300974198250729,0.9285714285714286,0.8901098901098902,1.1428571428571428
2025,5,Tone,0.12144128692419823,0.8571428571428571,0.6527472527472528,2.7142857142857144
2025,5,DADDY YANKEE,0.08449370153547132,0.8571428571428571,0.7010989010989012,2.857142857142857
2025,5,Jason B,0.2144456425942222,0.6428571428571429,0.8945054945054945,1.4285714285714286
2025,5,Piru’s Picks,0.12656523674562686,0.7857142857142857,0.7978021978021977,1.5714285714285714
2025,5,OneNDone,0.13564262099611274,0.7857142857142857,0.8461538461538461,1.7142857142857142
2025,5,Bfense,0.06205832738581146,0.9285714285714286,0.6879120879120879,2.5714285714285716
2025,5,Balz Deep,0.10842279659985422,0.8571428571428571,0.5120879120879122,3.0
2025,5,Lenny,0.12111566268887362,0.8571428571428571,0.6571428571428571,3.0
2025,5,mk3415,0.17247105619047617,0.7142857142857143,0.5824175824175825,2.7142857142857144
2025,5,Rent’s Due Again,0.209652033459671,0.5714285714285714,0.7406593406593407,2.2857142857142856
2025,5,More Birdies,0.1023366653170554,0.9285714285714286,0.6835164835164835,2.142857142857143
2025,5,Hennything Possible,0.04354019183794946,1.0,0.8197802197802198,1.7142857142857142
2025,5,Brown$ 42,0.04410785231413994,1.0,0.9208791208791209,1.0
2025,5,Loveland for ROY,0.22539715902008312,0.6428571428571429,0.6527472527472528,2.7142857142857144
2025,5,Ballbusters,0.07306892960448642,0.9285714285714286,0.7890109890109891,1.5714285714285714
2025,5,Gman,0.10693396357847641,0.8571428571428571,0.9472527472527472,0.8571428571428571
2025,5,OB1,0.07851633968144045,0.8571428571428571,0.7978021978021977,1.8571428571428572
2025,5,Mopar,0.05739069436345968,0.9285714285714286,0.6395604395604396,2.7142857142857144
2025,5,Rcdinero,0.18170928504494657,0.7142857142857143,0.7626373626373627,2.2857142857142856
2025,5,BIZARRO PICKS,0.15522639316358872,0.7142857142857143,0.4153846153846154,3.857142857142857
2025,5,ShowMeYourTDs,0.06435870498760855,0.9285714285714286,0.7626373626373627,2.142857142857143
2025,5,Sixto23,0.10221670600583091,0.8571428571428571,0.7098901098901099,2.142857142857143
2025,5,Alan N,0.22096071431608358,0.6428571428571429,0.6879120879120879,2.5714285714285716
2025,5,Do You Fell Lucky Punk,0.11363494748420797,0.8571428571428571,0.5252747252747253,3.2857142857142856
2025,5,MDTwins,0.26301527620991255,0.5714285714285714,0.8637362637362638,1.1428571428571428
2025,9,Forchione,0.15575967307912414,0.7857142857142857,0.7626373626373627,2.0
2025,9,Ride those dogs,0.0606142361111111,0.9285714285714286,0.37142857142857144,3.7142857142857144
2025,9,Johnsonmaia06,0.06079866005830903,0.9285714285714286,0.5956043956043956,2.7142857142857144
2025,9,Bfense,0.04106732413346291,1.0,0.7758241758241758,2.142857142857143
2025,9,Hands Up,0.0975059507612569,0.9285714285714286,0.8637362637362638,1.5714285714285714
2025,9,mk3415,0.044473644444444446,1.0,0.4901098901098901,3.0
2025,9,OB1,0.0890399515235457,0.9285714285714286,0.9428571428571428,1.2857142857142858
2025,9,Hennything Possible,0.04026770433268545,1.0,0.8021978021978022,2.2857142857142856
2025,9,Mopar,0.042165814706835114,1.0,0.8021978021978022,2.0
2025,9,Fishy Picks,0.09373906785714285,0.8571428571428571,0.8857142857142857,1.5714285714285714
2025,9,Tone,0.05424994619371557,0.9285714285714286,0.07692307692307693,4.428571428571429
2025,9,KRAHNSKI,0.13637684466310335,0.7857142857142857,0.9120879120879121,1.4285714285714286
2025,9,DADDY YANKEE,0.130362562228701,0.8571428571428571,0.8901098901098902,1.4285714285714286
2025,9,RICHDOG !!!!!!,0.0592648419916922,0.9285714285714286,0.8461538461538461,1.5714285714285714
2025,9,OneNDone,0.052883141917719464,0.9285714285714286,0.2967032967032967,3.857142857142857
2025,9,Mskrlac,0.04919918732588274,1.0,0.8725274725274725,1.4285714285714286
2025,9,Fast Eddie,0.059308695472509866,0.9285714285714286,0.9208791208791209,1.2857142857142858
2025,9,Back to Back Buckeye Natty,0.09915875231616456,0.8571428571428571,0.8197802197802198,2.0
2025,9,#FlyTheW,0.20476370145772596,0.7142857142857143,0.5868131868131868,2.4285714285714284
2025,9,Lenny,0.06086303716715976,0.9285714285714286,0.7054945054945055,2.0
2025,9,Balz Deep,0.10105157281341107,0.8571428571428571,0.6,2.4285714285714284
2025,9,Jason B,0.08824608340652737,0.9285714285714286,0.4461538461538462,3.4285714285714284
2025,9,Pay up $ucka!,0.1034033553300432,0.8571428571428571,0.832967032967033,1.8571428571428572
2025,9,Ashholes,0.04839030450275349,0.9285714285714286,0.8241758241758241,1.7142857142857142
2025,9,Go Pack Go,0.09272279410793534,0.8571428571428571,0.9340659340659341,1.1428571428571428
2025,9,BIZARRO PICKS,0.24652163783805672,0.6428571428571429,0.6747252747252748,2.2857142857142856
2025,9,thol1572,0.07783482065352183,0.9285714285714286,0.8769230769230769,1.5714285714285714
2025,9,9 Inches,0.04410763947245565,1.0,0.8065934065934066,2.142857142857143
2025,9,Ballbusters,0.0419129132231405,1.0,0.9516483516483516,1.0
2025,9,Do You Fell Lucky Punk,0.04477251521703919,1.0,0.7538461538461538,2.5714285714285716
2025,9,Dardanes,0.22747871062140088,0.7142857142857143,0.6175824175824175,2.857142857142857
2025,9,VT,0.1262375491412278,0.8571428571428571,0.9296703296703297,1.4285714285714286
2025,9,TD's Nutz,0.10817687669859731,0.8571428571428571,0.8109890109890111,1.8571428571428572
2025,9,Rcdinero,0.05188228683997408,0.9285714285714286,0.8153846153846154,2.0
2025,9,My team sucks,0.2088241669964385,0.7142857142857143,0.5824175824175825,2.857142857142857
2025,9,MainGangJefe,0.10812536944444444,0.8571428571428571,0.8241758241758241,1.8571428571428572
2025,9,Boats N Hoes,0.05226452645314896,0.9285714285714286,0.8285714285714285,1.8571428571428572
2025,9,Brown$ 42,0.05741071975218659,0.9285714285714286,0.7582417582417583,2.142857142857143
2025,9,Brock,0.09340737725947523,0.8571428571428571,0.9692307692307693,0.7142857142857143
2025,9,Piru’s Picks,0.1456137471574344,0.7857142857142857,0.8373626373626375,1.8571428571428572
2025,9,Bucky Swirving,0.09328351120829284,0.8571428571428571,0.8989010989010989,1.2857142857142858
2025,9,Gman,0.09031321676309086,0.8571428571428571,0.6087912087912088,3.0
2025,9,Alan N,0.2618368940314221,0.5714285714285714,0.6043956043956044,3.0
2025,9,Sixto23,0.06506452011661806,0.8571428571428571,0.8681318681318682,1.7142857142857142
2025,9,Big oski no.1,0.11987319548914806,0.8571428571428571,0.8769230769230769,1.7142857142857142
2025,9,ShowMeYourTDs,0.054982486264776864,0.9285714285714286,0.7758241758241758,2.2857142857142856
2025,9,MDTwins,0.2410236956268221,0.6428571428571429,0.8769230769230769,1.4285714285714286
2025,9,EChev,0.16504280753968256,0.7857142857142857,0.8461538461538461,1.8571428571428572
2025,9,Beer Tank,0.12862946793430335,0.7857142857142857,0.7054945054945055,2.5714285714285716
2025,9,Ben’s Bears,0.09385198159873367,0.9285714285714286,0.5868131868131868,2.857142857142857
2025,9,Rent’s Due Again,0.2097369710308618,0.6428571428571429,0.8197802197802198,1.8571428571428572
2025,9,dbalz,0.14632435992567366,0.7142857142857143,0.8813186813186813,1.5714285714285714
2025,9,Comeback Szn,0.14142501942420854,0.7857142857142857,0.9296703296703297,1.2857142857142858
2025,9,Firman's Educated Guesses,0.2500738856522382,0.5714285714285714,0.45494505494505494,3.5714285714285716
2025,9,More Birdies,0.14615456348396502,0.7857142857142857,0.37142857142857144,3.5714285714285716
2025,12,Alan N,0.1982776679927924,0.7857142857142857,0.6263736263736264,2.857142857142857
2025,12,OB1,0.1396363729224377,0.8571428571428571,0.8989010989010989,1.4285714285714286
2025,12,My team sucks,0.14204571725366047,0.7857142857142857,0.7010989010989012,2.7142857142857144
2025,12,Rcdinero,0.13973883145246196,0.8571428571428571,0.8373626373626375,1.5714285714285714
2025,12,Mskrlac,0.08565370739998379,0.9285714285714286,0.6923076923076923,2.4285714285714284
2025,12,Brock,0.0647095113702624,0.9285714285714286,0.8813186813186813,1.4285714285714286
2025,12,Brown$ 42,0.07866133336370261,0.9285714285714286,0.8725274725274725,1.5714285714285714
2025,12,Mopar,0.040511327340459986,1.0,0.8109890109890111,1.7142857142857142
2025,12,Sixto23,0.04142787871720117,1.0,0.7538461538461538,2.4285714285714284
2025,12,BIZARRO PICKS,0.18036839989251388,0.7857142857142857,0.8285714285714285,1.7142857142857142
2025,12,EChev,0.06094757688492063,0.9285714285714286,0.8593406593406594,1.8571428571428572
2025,12,thol1572,0.06456133025638641,0.9285714285714286,0.8769230769230769,1.5714285714285714
2025,12,Back to Back Buckeye Natty,0.13578578098477484,0.7142857142857143,0.8197802197802198,1.8571428571428572
2025,12,KRAHNSKI,0.04309257294906058,1.0,0.8945054945054945,1.5714285714285714
2025,12,Do You Fell Lucky Punk,0.07767232440678652,0.8571428571428571,0.5252747252747253,3.142857142857143
2025,12,Forchione,0.06278276535547649,0.9285714285714286,0.9824175824175824,0.42857142857142855
2025,12,OneNDone,0.08237933397311305,0.8571428571428571,0.7846153846153847,2.142857142857143
2025,12,Hands Up,0.05749772189828312,0.9285714285714286,0.9296703296703297,1.1428571428571428
2025,12,Lenny,0.061274533990648763,0.9285714285714286,0.4593406593406593,3.142857142857143
2025,12,Ballbusters,0.12004030622786306,0.7857142857142857,0.7538461538461538,2.142857142857143
2025,12,Ashholes,0.040511327340459986,1.0,0.6307692307692307,2.7142857142857144
2025,12,Comeback Szn,0.10725810975014474,0.8571428571428571,0.8989010989010989,1.4285714285714286
2025,12,DADDY YANKEE,0.06418872160673793,0.9285714285714286,0.8857142857142857,1.4285714285714286
2025,12,More Birdies,0.06309074415087464,0.9285714285714286,0.7274725274725276,2.2857142857142856
2025,12,Ben’s Bears,0.11076419247130986,0.8571428571428571,0.6351648351648352,2.857142857142857
2025,12,Go Pack Go,0.1390148346943021,0.7857142857142857,0.7274725274725276,2.142857142857143
2025,12,Piru’s Picks,0.04508972374271138,1.0,0.7274725274725276,2.142857142857143
2025,12,Big oski no.1,0.0607563380122287,0.9285714285714286,0.832967032967033,2.0
2025,12,Hennything Possible,0.038968091753725294,1.0,0.8021978021978022,1.8571428571428572
2025,12,Jason B,0.0829681028250971,0.8571428571428571,0.7626373626373627,2.0
2025,12,Fast Eddie,0.09816514419823803,0.9285714285714286,0.9296703296703297,1.1428571428571428
2025,12,Balz Deep,0.09313899764941691,0.9285714285714286,0.832967032967033,1.8571428571428572
2025,12,MainGangJefe,0.17372336498015875,0.7142857142857143,0.8549450549450549,1.5714285714285714
2025,12,Bucky Swirving,0.146454122116942,0.7857142857142857,0.956043956043956,1.0
2025,12,#FlyTheW,0.08849303090379008,0.8571428571428571,0.24835164835164836,4.0
2025,12,Rent’s Due Again,0.11818817342891273,0.7857142857142857,0.9252747252747253,1.1428571428571428
2025,12,Ride those dogs,0.13380471974206348,0.7857142857142857,0.8461538461538461,1.8571428571428572
2025,12,JK,0.19944732789869413,0.7142857142857143,0.2879120879120879,4.0
2025,12,Firman's Educated Guesses,0.1763033407886525,0.7142857142857143,0.7890109890109891,2.0
2025,12,Tone,0.08076993319565921,0.9285714285714286,0.5604395604395604,2.857142857142857
2025,12,Fishy Picks,0.04073809910714286,1.0,0.767032967032967,2.2857142857142856
2025,12,Bfense,0.05795742908973113,0.9285714285714286,0.8241758241758241,1.8571428571428572
2025,12,Johnsonmaia06,0.10333304344023324,0.8571428571428571,0.7142857142857143,2.4285714285714284
2025,12,Beer Tank,0.08309713447696208,0.8571428571428571,0.7054945054945055,2.7142857142857144
2025,12,mk3415,0.04236966825396824,1.0,0.6879120879120879,2.142857142857143
2025,12,TD's Nutz,0.13798915963585018,0.7857142857142857,0.6571428571428571,2.7142857142857144
2025,12,RICHDOG !!!!!!,0.16460244047963005,0.7857142857142857,0.8373626373626375,1.8571428571428572
2025,12,VT,0.19246565528720558,0.6428571428571429,0.8417582417582418,1.8571428571428572
2025,12,Boats N Hoes,0.17994700850647716,0.6428571428571429,0.6087912087912088,2.857142857142857
2025,12,ShowMeYourTDs,0.22733646252619885,0.5714285714285714,0.5472527472527472,3.0
2025,12,MDTwins,0.3810034317784256,0.42857142857142855,0.4681318681318682,3.142857142857143
2025,15,#FlyTheW,0.2493221275510204,0.625,0.4558823529411765,4.0
2025,15,Forchione,0.1913796680368673,0.6875,0.4176470588235294,3.875
2025,15,MainGangJefe,0.175926078125,0.6875,0.8735294117647058,1.875
2025,15,Ride those dogs,0.07133611979166665,0.9375,0.7088235294117646,3.0
2025,15,Ballbusters,0.09838455836776859,0.9375,0.8176470588235294,2.25
2025,15,Back to Back Buckeye Natty,0.12753358163265308,0.8125,0.4323529411764706,3.625
2025,15,Mskrlac,0.09323363679846937,0.8125,0.8823529411764707,1.625
2025,15,KRAHNSKI,0.07479169547193877,0.9375,0.7823529411764706,2.625
2025,15,Hands Up,0.0739554931972789,0.9375,0.9235294117647058,1.5
2025,15,Brock,0.08087776020408163,0.875,0.9058823529411765,1.375
2025,15,Lenny,0.07170055854752219,0.9375,0.8029411764705883,2.5
2025,15,mk3415,0.09507583333333333,0.8125,0.6676470588235294,3.0
2025,15,More Birdies,0.1713453383290816,0.6875,0.4382352941176471,3.375
2025,15,OneNDone,0.07955496045918367,0.8125,0.823529411764706,2.0
2025,15,My team sucks,0.17753554709141273,0.75,0.42352941176470593,4.25
2025,15,Piru’s Picks,0.14368819547193878,0.75,0.9058823529411765,1.625
2025,15,Hennything Possible,0.1050087558460884,0.875,0.7558823529411764,2.625
2025,15,Comeback Szn,0.175791427473136,0.75,0.9029411764705882,1.375
2025,15,EChev,0.09536736979166667,0.875,0.888235294117647,1.875
2025,15,OB1,0.07498074532548475,0.9375,0.8352941176470589,2.125
2025,15,Bfense,0.05510665136054421,0.9375,0.8970588235294116,1.875
2025,15,Mopar,0.05339001700680273,1.0,0.6382352941176471,2.75
2025,15,DADDY YANKEE,0.06913760374149659,0.875,0.9176470588235294,1.5
2025,15,Fast Eddie,0.05513702499793808,1.0,0.8852941176470588,1.875
2025,15,TD's Nutz,0.2110851207404249,0.5625,0.823529411764706,1.75
2025,15,Jason B,0.12324222674307739,0.8125,0.6558823529411765,2.875
2025,15,Rcdinero,0.055977707376700686,1.0,0.6147058823529412,3.25
2025,15,Tone,0.09567231079931973,0.875,0.8352941176470589,1.875
2025,15,Sixto23,0.06847776020408164,0.9375,0.911764705882353,1.5
2025,15,RICHDOG !!!!!!,0.15205254975990432,0.75,0.5823529411764706,3.5
2025,15,Alan N,0.17556478900935374,0.75,0.7999999999999999,2.125
2025,15,Bucky Swirving,0.10782624957482995,0.8125,0.9,1.25
2025,15,Pay up $ucka!,0.13011952270036056,0.875,0.8264705882352942,2.125
2025,15,Ben’s Bears,0.07498074532548475,0.9375,0.8088235294117646,2.0
2025,15,Beer Tank,0.057648136429398165,0.9375,0.9058823529411765,1.375
2025,15,Balz Deep,0.08934152965561226,0.9375,0.8735294117647058,1.875
2025,15,Big oski no.1,0.0915729106079932,0.8125,0.7323529411764707,2.75
2025,15,Fishy Picks,0.067735203125,0.9375,0.6941176470588235,2.875
2025,15,Brown$ 42,0.05228426179846939,1.0,0.8264705882352942,2.0
2025,15,Boats N Hoes,0.13130078801423958,0.75,0.8411764705882352,2.0
2025,15,Ashholes,0.10931263605442176,0.8125,0.6,3.125
2025,15,Firman's Educated Guesses,0.13005579912754728,0.8125,0.7529411764705882,2.375
2025,15,Do You Fell Lucky Punk,0.09668511298894558,0.875,0.7352941176470589,2.75
2025,15,VT,0.154842378471404,0.8125,0.6823529411764706,2.5
2025,15,thol1572,0.13789155069986977,0.8125,0.7588235294117647,2.375
2025,15,ShowMeYourTDs,0.1624191269791167,0.75,0.5235294117647059,3.625
2025,15,Johnsonmaia06,0.1367779693877551,0.75,0.8647058823529412,2.0
2025,15,Gman,0.05467490596598064,0.9375,0.1647058823529412,4.875
2025,15,9 Inches,0.13509033187355823,0.75,0.7911764705882354,1.875
2025,15,MDTwins,0.317756581632653,0.5625,0.6,3.0
2025,15,BIZARRO PICKS,0.11309290696101419,0.8125,-0.3735294117647059,7.125
